{
  "Chile": 0.0011,
  "Argentina": 0.001,
  "Perú": 0.00027,
  "Mexico": 0.058,
  "Colombia": 0.00025,
  "Brasil": 0.2,
  "Uruguay": 0.026
}
